"CBSA","CBSA Code","Year","Days with AQI","Good Days","Moderate Days","Unhealthy for Sensitive Groups Days","Unhealthy Days","Very Unhealthy Days","Hazardous Days","Max AQI","90th Percentile AQI","Median AQI","Days CO","Days NO2","Days Ozone","Days PM2.5","Days PM10"
"Aberdeen, SD","10100",2025,178,155,23,0,0,0,0,84,54,25,0,0,0,144,34
"Aberdeen, WA","10140",2025,243,238,5,0,0,0,0,76,36,19,0,0,0,243,0
"Adrian, MI","10300",2025,304,235,65,4,0,0,0,147,61,41,0,0,188,116,0
"Akron, OH","10420",2025,304,189,112,3,0,0,0,150,71,45,0,0,175,129,0
"Albany, GA","10500",2025,243,135,107,1,0,0,0,115,67,46,0,0,0,243,0
"Albany, OR","10540",2025,181,153,28,0,0,0,0,89,56,24,0,0,0,181,0
"Albany-Schenectady-Troy, NY","10580",2025,273,181,87,5,0,0,0,136,64,42,0,0,163,110,0
"Albuquerque, NM","10740",2025,274,59,202,10,2,1,0,228,90,61,1,4,153,48,68
"Alexandria, LA","10780",2025,57,45,12,0,0,0,0,67,53,35,0,0,0,57,0
"Allentown-Bethlehem-Easton, PA-NJ","10900",2025,212,139,71,2,0,0,0,122,67,43,0,0,116,96,0
"Altoona, PA","11020",2025,210,151,58,1,0,0,0,115,63,41,0,0,129,81,0
"Amarillo, TX","11100",2025,243,184,59,0,0,0,0,97,67,43,0,0,223,20,0
"Anchorage, AK","11260",2025,182,143,36,3,0,0,0,141,62,25,4,0,0,76,102
"Ann Arbor, MI","11460",2025,296,225,65,5,1,0,0,152,67,41,0,0,240,56,0
"Appleton, WI","11540",2025,181,142,38,0,1,0,0,152,58,38,0,0,60,121,0
"Ardmore, OK","11620",2025,254,166,81,5,2,0,0,169,74,47,0,0,155,99,0
"Arkadelphia, AR","11660",2025,241,235,6,0,0,0,0,74,46,35,0,0,241,0,0
"Asheville, NC","11700",2025,273,186,87,0,0,0,0,97,61,46,0,0,129,144,0
"Ashtabula, OH","11780",2025,245,199,43,3,0,0,0,122,61,43,0,0,245,0,0
"Athens, OH","11900",2025,269,216,53,0,0,0,0,75,55,33,0,0,0,269,0
"Athens, TN","11940",2025,173,134,39,0,0,0,0,71,57,37,0,0,0,173,0
"Athens-Clarke County, GA","12020",2025,273,182,91,0,0,0,0,89,60,44,0,0,106,167,0
"Atlanta-Sandy Springs-Roswell, GA","12060",2025,274,124,146,4,0,0,0,129,74,52,1,2,136,135,0
"Atlantic City-Hammonton, NJ","12100",2025,181,144,36,1,0,0,0,105,54,38,0,0,109,72,0
"Augusta-Richmond County, GA-SC","12260",2025,273,130,142,1,0,0,0,130,68,51,0,0,53,220,0
"Augusta-Waterville, ME","12300",2025,304,254,50,0,0,0,0,96,56,36,0,0,176,128,0
"Austin-Round Rock, TX","12420",2025,244,100,142,2,0,0,0,126,71,53,1,1,72,167,3
"Bakersfield, CA","12540",2025,273,65,183,25,0,0,0,143,100,61,0,0,150,117,6
"Baltimore-Columbia-Towson, MD","12580",2025,304,189,110,5,0,0,0,143,71,47,0,2,183,119,0
"Bangor, ME","12620",2025,303,261,40,2,0,0,0,115,57,34,0,0,200,99,4
"Baraboo, WI","12660",2025,181,144,36,1,0,0,0,119,57,34,0,0,68,112,1
"Barnstable Town, MA","12700",2025,241,223,15,3,0,0,0,129,48,38,0,0,241,0,0
"Bartlesville, OK","12780",2025,273,179,92,1,1,0,0,168,62,44,0,0,160,113,0
"Baton Rouge, LA","12940",2025,274,96,176,2,0,0,0,115,71,54,1,0,80,193,0
"Bay City, MI","13020",2025,181,130,51,0,0,0,0,99,58,38,0,0,0,181,0
"Beatrice, NE","13100",2025,292,216,75,1,0,0,0,131,58,36,0,0,0,292,0
"Beaumont-Port Arthur, TX","13140",2025,243,86,157,0,0,0,0,93,64,53,0,0,43,200,0
"Beaver Dam, WI","13180",2025,182,139,42,1,0,0,0,137,61,39,1,0,134,46,1
"Bellingham, WA","13380",2025,237,229,8,0,0,0,0,58,43,30,0,0,94,143,0
"Bemidji, MN","13420",2025,169,150,15,4,0,0,0,108,51,37,0,0,108,61,0
"Bend-Redmond, OR","13460",2025,181,169,12,0,0,0,0,58,43,22,0,0,0,181,0
"Bennington, VT","13540",2025,181,150,31,0,0,0,0,93,54,39,0,0,147,34,0
"Berlin, NH-VT","13620",2025,274,234,36,4,0,0,0,119,58,40,94,0,180,0,0
"Billings, MT","13740",2025,181,157,24,0,0,0,0,85,52,39,0,6,120,55,0
"Birmingham-Hoover, AL","13820",2025,243,126,116,1,0,0,0,112,68,50,0,0,88,155,0
"Bishop, CA","13860",2025,273,111,151,8,3,0,0,163,84,54,0,0,150,111,12
"Bismarck, ND","13900",2025,244,185,46,9,3,1,0,242,71,42,1,1,183,59,0
"Blacksburg-Christiansburg-Radford, VA","13980",2025,237,219,18,0,0,0,0,80,49,39,0,0,237,0,0
"Bloomington, IL","14010",2025,273,175,94,3,1,0,0,154,69,44,0,0,136,137,0
"Bloomington, IN","14020",2025,304,213,91,0,0,0,0,90,61,42,0,0,138,166,0
"Boise City, ID","14260",2025,252,163,89,0,0,0,0,97,62,47,0,0,97,82,73
"Boston-Cambridge-Newton, MA-NH","14460",2025,274,187,82,5,0,0,0,136,67,44,1,4,156,112,1
"Boulder, CO","14500",2025,273,139,131,3,0,0,0,119,76,50,0,0,202,70,1
"Bowling Green, KY","14540",2025,223,181,42,0,0,0,0,77,54,41,0,0,151,72,0
"Bozeman, MT","14580",2025,226,224,2,0,0,0,0,62,25,14,3,43,0,180,0
"Brainerd, MN","14660",2025,179,151,27,1,0,0,0,105,59,39,0,0,116,63,0
"Branson, MO","14700",2025,17,17,0,0,0,0,0,41,40,26,0,0,0,17,0
"Bremerton-Silverdale, WA","14740",2025,236,227,9,0,0,0,0,58,39,21,0,0,0,236,0
"Bridgeport-Stamford-Norwalk, CT","14860",2025,181,121,51,8,1,0,0,166,69,44,0,12,98,71,0
"Brookings, SD","15100",2025,181,96,82,2,1,0,0,154,73,48,0,0,44,136,1
"Brownsville-Harlingen, TX","15180",2025,243,77,161,5,0,0,0,139,76,55,0,0,35,208,0
"Brunswick, GA","15260",2025,287,235,52,0,0,0,0,94,54,39,0,0,142,145,0
"Buffalo-Cheektowaga-Niagara Falls, NY","15380",2025,274,168,97,9,0,0,0,140,70,44,1,0,144,129,0
"Burlington-South Burlington, VT","15540",2025,182,166,14,2,0,0,0,108,49,40,1,0,161,20,0
"Butte-Silver Bow, MT","15580",2025,181,150,31,0,0,0,0,77,54,27,0,0,0,173,8
"Cadillac, MI","15620",2025,304,272,32,0,0,0,0,93,52,38,0,0,277,27,0
"Cambridge, MD","15700",2025,302,255,47,0,0,0,0,84,52,40,0,0,241,61,0
"Canton-Massillon, OH","15940",2025,273,135,136,2,0,0,0,124,72,51,0,0,99,174,0
"Cape Coral-Fort Myers, FL","15980",2025,273,203,70,0,0,0,0,97,58,42,0,0,146,127,0
"Carlsbad-Artesia, NM","16100",2025,273,128,127,18,0,0,0,143,90,51,0,1,270,2,0
"Carson City, NV","16180",2025,179,142,37,0,0,0,0,80,56,45,0,0,128,51,0
"Casper, WY","16220",2025,181,155,26,0,0,0,0,71,55,44,0,0,172,9,0
"Ca¤on City, CO","15860",2025,270,246,24,0,0,0,0,77,49,25,0,0,0,206,64
"Cedar City, UT","16260",2025,303,212,90,1,0,0,0,105,64,46,0,1,262,40,0
"Cedar Rapids, IA","16300",2025,304,186,113,4,1,0,0,163,70,44,0,0,118,186,0
"Centralia, WA","16500",2025,209,195,14,0,0,0,0,74,42,18,0,0,0,209,0
"Chambersburg-Waynesboro, PA","16540",2025,157,146,11,0,0,0,0,77,47,37,0,0,157,0,0
"Champaign-Urbana, IL","16580",2025,273,174,96,3,0,0,0,138,64,44,0,0,153,120,0
"Charleston, WV","16620",2025,181,144,37,0,0,0,0,69,55,40,0,0,77,104,0
"Charleston-North Charleston, SC","16700",2025,273,159,113,1,0,0,0,105,61,48,0,0,105,167,1
"Charlotte-Concord-Gastonia, NC-SC","16740",2025,305,143,162,0,0,0,0,97,66,51,1,1,117,186,0
"Charlottesville, VA","16820",2025,271,211,60,0,0,0,0,77,58,41,0,0,117,154,0
"Chattanooga, TN-GA","16860",2025,243,131,108,2,2,0,0,181,65,48,0,0,45,198,0
"Cheyenne, WY","16940",2025,182,127,54,1,0,0,0,108,67,47,1,1,171,9,0
"Chicago-Naperville-Elgin, IL-IN-WI","16980",2025,303,104,170,23,5,1,0,219,97,54,0,7,88,195,13
"Chico, CA","17020",2025,245,162,83,0,0,0,0,96,59,47,0,0,139,106,0
"Cincinnati, OH-KY-IN","17140",2025,274,73,186,13,2,0,0,154,84,57,1,1,78,194,0
"Claremont-Lebanon, NH-VT","17200",2025,273,222,48,3,0,0,0,113,56,38,0,0,157,116,0
"Clarksburg, WV","17220",2025,60,44,16,0,0,0,0,68,55,32,0,0,0,60,0
"Clarksville, TN-KY","17300",2025,181,139,42,0,0,0,0,75,55,41,0,0,69,112,0
"Clearlake, CA","17340",2025,34,34,0,0,0,0,0,32,29,17,0,0,0,30,4
"Cleveland, MS","17380",2025,269,189,80,0,0,0,0,88,59,44,0,0,96,173,0
"Cleveland-Elyria, OH","17460",2025,305,130,168,7,0,0,0,150,84,54,3,0,131,157,14
"Clinton, IA","17540",2025,304,182,119,2,1,0,0,166,71,45,0,0,138,166,0
"Coeur d'Alene, ID","17660",2025,181,160,21,0,0,0,0,71,52,24,0,0,0,181,0
"College Station-Bryan, TX","17780",2025,224,142,82,0,0,0,0,78,60,43,0,0,0,224,0
"Colorado Springs, CO","17820",2025,273,159,114,0,0,0,0,97,71,49,0,0,254,19,0
"Columbia, MO","17860",2025,92,82,10,0,0,0,0,67,51,41,0,0,92,0,0
"Columbia, SC","17900",2025,274,157,117,0,0,0,0,83,60,48,1,1,106,166,0
"Columbus, GA-AL","17980",2025,272,160,107,3,2,0,0,166,65,47,0,0,66,206,0
"Columbus, IN","18020",2025,273,189,84,0,0,0,0,97,62,44,0,0,155,118,0
"Columbus, OH","18140",2025,274,107,159,7,1,0,0,156,84,54,1,0,102,166,5
"Concord, NH","18180",2025,122,117,5,0,0,0,0,90,47,38,0,0,122,0,0
"Cookeville, TN","18260",2025,175,155,20,0,0,0,0,66,52,30,0,0,0,175,0
"Corning, NY","18500",2025,273,219,51,3,0,0,0,143,60,40,0,0,202,71,0
"Corpus Christi, TX","18580",2025,243,85,150,8,0,0,0,137,80,55,0,0,46,194,3
"Corsicana, TX","18620",2025,210,122,87,1,0,0,0,107,63,48,0,0,105,105,0
"Crescent City, CA","18860",2025,179,145,34,0,0,0,0,70,54,33,0,0,0,179,0
"Crestview-Fort Walton Beach-Destin, FL","18880",2025,273,253,20,0,0,0,0,84,49,37,0,0,252,0,21
"Dallas-Fort Worth-Arlington, TX","19100",2025,213,56,143,12,1,0,1,304,90,59,1,1,84,126,1
"Dalton, GA","19140",2025,226,205,20,1,0,0,0,112,50,39,0,0,211,15,0
"Daphne-Fairhope-Foley, AL","19300",2025,241,174,67,0,0,0,0,87,56,42,0,0,91,150,0
"Davenport-Moline-Rock Island, IA-IL","19340",2025,305,178,125,0,2,0,0,167,74,45,1,0,137,120,47
"Dayton, OH","19380",2025,274,154,116,4,0,0,0,129,74,48,1,0,133,140,0
"Decatur, AL","19460",2025,243,197,46,0,0,0,0,71,54,42,0,0,89,154,0
"Decatur, IL","19500",2025,273,174,96,3,0,0,0,141,67,44,0,0,122,151,0
"Deltona-Daytona Beach-Ormond Beach, FL","19660",2025,273,214,59,0,0,0,0,90,55,42,0,0,145,128,0
"Deming, NM","19700",2025,268,213,37,9,7,1,1,321,82,19,0,0,0,0,268
"Denver-Aurora-Lakewood, CO","19740",2025,274,60,199,15,0,0,0,122,90,61,1,10,205,50,8
"Des Moines-West Des Moines, IA","19780",2025,304,178,124,2,0,0,0,136,66,46,0,0,100,202,2
"Detroit-Warren-Dearborn, MI","19820",2025,304,137,154,10,3,0,0,166,85,53,0,2,124,177,1
"Dickinson, ND","19860",2025,243,195,41,3,4,0,0,195,64,40,0,0,190,53,0
"Dodge City, KS","19980",2025,180,161,18,1,0,0,0,115,52,26,0,0,0,145,35
"Douglas, GA","20060",2025,243,168,75,0,0,0,0,78,61,44,0,0,0,243,0
"Dover, DE","20100",2025,181,127,51,3,0,0,0,122,64,44,0,0,118,63,0
"Duluth, MN-WI","20260",2025,223,201,21,1,0,0,0,108,50,38,0,0,201,22,0
"Durango, CO","20420",2025,304,162,140,2,0,0,0,112,77,50,0,0,294,10,0
"Durham-Chapel Hill, NC","20500",2025,273,193,80,0,0,0,0,77,57,44,0,0,101,170,2
"Dyersburg, TN","20540",2025,180,143,37,0,0,0,0,72,55,34,0,0,0,180,0
"Eagle Pass, TX","20580",2025,237,142,95,0,0,0,0,90,66,41,0,0,0,237,0
"East Stroudsburg, PA","20700",2025,179,167,12,0,0,0,0,97,47,35,0,0,179,0,0
"Eau Claire, WI","20740",2025,181,141,37,2,1,0,0,159,59,38,0,0,59,122,0
"Effingham, IL","20820",2025,211,202,9,0,0,0,0,71,46,35,0,0,211,0,0
"El Centro, CA","20940",2025,219,60,132,21,6,0,0,190,108,64,0,0,121,46,52
"El Dorado, AR","20980",2025,91,40,51,0,0,0,0,70,62,52,0,0,0,91,0
"El Paso, TX","21340",2025,244,31,155,28,12,6,12,2122,158,74,1,2,78,49,114
"Elizabethtown-Fort Knox, KY","21060",2025,127,92,35,0,0,0,0,73,56,44,0,0,75,52,0
"Elkhart-Goshen, IN","21140",2025,272,166,102,4,0,0,0,132,65,44,0,0,126,146,0
"Elko, NV","21220",2025,152,138,12,1,1,0,0,160,50,19,0,0,0,1,151
"Ellensburg, WA","21260",2025,243,206,37,0,0,0,0,81,54,22,0,0,0,243,0
"Emporia, KS","21380",2025,18,16,2,0,0,0,0,56,53,22,0,0,0,18,0
"Erie, PA","21500",2025,274,223,51,0,0,0,0,99,58,31,64,7,54,149,0
"Espa¤ola, NM","21580",2025,264,211,53,0,0,0,0,87,61,45,0,0,263,1,0
"Eugene, OR","21660",2025,181,117,60,4,0,0,0,117,64,42,0,0,46,135,0
"Eureka-Arcata-Fortuna, CA","21700",2025,303,252,51,0,0,0,0,75,54,36,0,0,87,206,10
"Evanston, WY","21740",2025,87,87,0,0,0,0,0,50,21,10,0,0,0,0,87
"Evansville, IN-KY","21780",2025,305,188,116,1,0,0,0,105,67,46,32,0,133,139,1
"Fairbanks, AK","21820",2025,182,112,60,6,4,0,0,190,87,42,1,0,77,104,0
"Fairmont, WV","21900",2025,59,43,16,0,0,0,0,70,57,34,0,0,0,59,0
"Fallon, NV","21980",2025,174,141,33,0,0,0,0,77,61,43,0,0,174,0,0
"Fargo, ND-MN","22020",2025,239,175,53,4,7,0,0,192,84,39,0,0,157,82,0
"Farmington, NM","22140",2025,273,159,113,1,0,0,0,104,77,49,0,1,270,0,2
"Fayetteville, NC","22180",2025,273,188,85,0,0,0,0,74,56,44,0,0,90,182,1
"Fayetteville-Springdale-Rogers, AR-MO","22220",2025,273,227,46,0,0,0,0,74,54,41,0,0,223,50,0
"Fernley, NV","22280",2025,180,151,29,0,0,0,0,84,54,44,0,0,180,0,0
"Flagstaff, AZ","22380",2025,267,167,98,2,0,0,0,113,74,48,0,0,265,2,0
"Flint, MI","22420",2025,303,252,48,3,0,0,0,126,57,38,0,0,220,83,0
"Florence, SC","22500",2025,269,163,106,0,0,0,0,99,61,48,0,0,77,192,0
"Fond du Lac, WI","22540",2025,92,84,8,0,0,0,0,80,50,39,0,0,92,0,0
"Fort Collins, CO","22660",2025,274,110,153,11,0,0,0,119,87,54,1,0,236,37,0
"Fort Dodge, IA","22700",2025,123,67,52,2,2,0,0,165,68,48,0,0,0,104,19
"Fort Payne, AL","22840",2025,243,191,52,0,0,0,0,93,55,42,0,0,156,87,0
"Fort Smith, AR-OK","22900",2025,211,152,57,2,0,0,0,138,57,42,0,0,69,142,0
"Fort Wayne, IN","23060",2025,273,152,116,5,0,0,0,115,71,47,0,0,129,144,0
"Fresno, CA","23420",2025,304,122,157,24,1,0,0,157,100,54,0,0,214,84,6
"Gadsden, AL","23460",2025,241,153,88,0,0,0,0,87,58,45,0,0,72,169,0
"Gainesville, FL","23540",2025,272,245,27,0,0,0,0,69,50,37,0,0,127,145,0
"Gainesville, GA","23580",2025,242,133,109,0,0,0,0,82,62,46,0,0,0,242,0
"Gardnerville Ranchos, NV","23820",2025,176,160,16,0,0,0,0,57,50,22,0,0,0,176,0
"Gettysburg, PA","23900",2025,260,192,68,0,0,0,0,100,61,42,33,0,166,61,0
"Gillette, WY","23940",2025,181,140,41,0,0,0,0,99,58,43,0,0,134,5,42
"Glenwood Springs, CO","24060",2025,273,188,84,0,1,0,0,154,67,44,0,0,241,27,5
"Grand Island, NE","24260",2025,283,227,54,2,0,0,0,118,54,37,0,0,122,161,0
"Grand Junction, CO","24300",2025,273,184,89,0,0,0,0,90,64,47,0,0,224,49,0
"Grand Rapids-Wyoming, MI","24340",2025,304,179,121,4,0,0,0,139,71,47,0,2,157,144,1
"Grants Pass, OR","24420",2025,181,138,42,1,0,0,0,109,61,31,0,0,0,181,0
"Greeley, CO","24540",2025,274,117,151,6,0,0,0,119,84,52,1,1,194,78,0
"Green Bay, WI","24580",2025,181,141,38,1,1,0,0,154,67,38,0,0,68,113,0
"Greenfield Town, MA","24640",2025,243,177,63,3,0,0,0,114,64,40,0,0,144,99,0
"Greensboro-High Point, NC","24660",2025,273,201,72,0,0,0,0,77,56,44,0,0,112,160,1
"Greenville, NC","24780",2025,267,237,30,0,0,0,0,71,51,38,0,0,106,161,0
"Greenville-Anderson-Mauldin, SC","24860",2025,273,146,127,0,0,0,0,93,64,49,0,0,136,137,0
"Guayama, PR","25020",2025,28,28,0,0,0,0,0,40,38,18,0,0,0,0,28
"Gulfport-Biloxi-Pascagoula, MS","25060",2025,273,156,117,0,0,0,0,97,64,48,0,0,108,165,0
"Hagerstown-Martinsburg, MD-WV","25180",2025,304,233,71,0,0,0,0,90,61,42,0,0,198,106,0
"Hailey, ID","25200",2025,166,165,1,0,0,0,0,56,33,22,0,0,0,166,0
"Hammond, LA","25220",2025,62,51,11,0,0,0,0,63,53,38,0,0,0,62,0
"Hanford-Corcoran, CA","25260",2025,181,72,106,3,0,0,0,105,85,53,0,0,90,88,3
"Harrisburg-Carlisle, PA","25420",2025,212,128,84,0,0,0,0,93,64,44,0,0,84,128,0
"Harrison, AR","25460",2025,273,254,19,0,0,0,0,77,49,38,0,0,272,1,0
"Harrisonburg, VA","25500",2025,273,210,63,0,0,0,0,80,58,41,0,9,129,135,0
"Hartford-West Hartford-East Hartford, CT","25540",2025,181,120,56,4,1,0,0,164,71,44,0,4,127,50,0
"Hattiesburg, MS","25620",2025,271,169,102,0,0,0,0,97,59,46,0,0,0,271,0
"Havre, MT","25660",2025,149,141,7,0,1,0,0,157,34,13,0,0,0,149,0
"Heber, UT","25720",2025,304,179,124,1,0,0,0,105,74,48,0,0,239,65,0
"Helena, MT","25740",2025,182,119,63,0,0,0,0,93,69,45,1,0,101,80,0
"Hermiston-Pendleton, OR","25840",2025,181,144,37,0,0,0,0,79,57,39,0,0,52,129,0
"Hickory-Lenoir-Morganton, NC","25860",2025,269,180,89,0,0,0,0,88,60,45,0,0,80,189,0
"Hilo, HI","25900",2025,201,163,38,0,0,0,0,78,58,30,0,0,0,201,0
"Hobbs, NM","26020",2025,273,168,97,3,5,0,0,193,67,47,0,5,169,99,0
"Holland, MI","26090",2025,302,215,76,10,1,0,0,151,74,43,0,0,214,88,0
"Homosassa Springs, FL","26140",2025,270,183,86,1,0,0,0,125,55,44,0,0,0,270,0
"Hot Springs, AR","26300",2025,91,48,43,0,0,0,0,92,61,49,0,0,0,91,0
"Houghton, MI","26340",2025,19,19,0,0,0,0,0,27,16,7,0,0,0,19,0
"Houma-Thibodaux, LA","26380",2025,273,165,108,0,0,0,0,77,58,47,0,0,62,211,0
"Houston-The Woodlands-Sugar Land, TX","26420",2025,274,22,218,26,8,0,0,179,108,64,1,1,90,164,18
"Huntington-Ashland, WV-KY-OH","26580",2025,273,183,90,0,0,0,0,92,64,44,0,0,139,134,0
"Huntsville, AL","26620",2025,181,136,45,0,0,0,0,72,56,42,0,0,66,115,0
"Idaho Falls, ID","26820",2025,223,186,37,0,0,0,0,77,56,44,0,0,208,15,0
"Indiana, PA","26860",2025,212,143,68,1,0,0,0,122,61,42,0,0,114,98,0
"Indianapolis-Carmel-Anderson, IN","26900",2025,305,124,174,5,2,0,0,170,74,53,1,0,81,222,1
"Iowa City, IA","26980",2025,304,216,84,3,1,0,0,159,62,36,0,0,0,304,0
"Ithaca, NY","27060",2025,238,218,20,0,0,0,0,74,49,38,0,0,238,0,0
"Jackson, MS","27140",2025,274,119,155,0,0,0,0,84,63,52,1,0,59,214,0
"Jackson, TN","27180",2025,181,144,37,0,0,0,0,68,54,33,0,0,0,181,0
"Jackson, WY-ID","27220",2025,226,179,47,0,0,0,0,84,58,45,2,0,221,3,0
"Jacksonville, FL","27260",2025,273,136,133,4,0,0,0,136,61,51,0,2,47,224,0
"Jamestown-Dunkirk-Fredonia, NY","27460",2025,263,233,29,1,0,0,0,108,52,39,0,0,254,9,0
"Janesville-Beloit, WI","27500",2025,92,67,25,0,0,0,0,93,64,42,0,0,92,0,0
"Jasper, IN","27540",2025,271,182,89,0,0,0,0,88,58,39,0,0,0,271,0
"Jefferson City, MO","27620",2025,104,89,15,0,0,0,0,74,54,42,0,0,104,0,0
"Johnstown, PA","27780",2025,269,209,59,1,0,0,0,115,58,37,58,1,103,107,0
"Joplin, MO","27900",2025,148,116,30,1,1,0,0,162,66,42,0,0,75,0,73
"Juneau, AK","27940",2025,181,154,26,1,0,0,0,138,57,21,0,0,0,181,0
"Kahului-Wailuku-Lahaina, HI","27980",2025,181,174,7,0,0,0,0,69,37,22,0,0,0,181,0
"Kalamazoo-Portage, MI","28020",2025,304,225,75,4,0,0,0,133,64,40,0,0,183,121,0
"Kalispell, MT","28060",2025,223,183,40,0,0,0,0,80,59,40,0,0,157,59,7
"Kansas City, MO-KS","28140",2025,181,92,86,2,0,1,0,293,70,49,0,17,76,73,15
"Keene, NH","28300",2025,273,210,61,2,0,0,0,115,58,38,0,0,124,149,0
"Kennewick-Richland, WA","28420",2025,243,209,34,0,0,0,0,68,53,36,0,0,92,132,19
"Killeen-Temple, TX","28660",2025,243,149,90,4,0,0,0,140,65,47,0,0,140,103,0
"Kingsport-Bristol-Bristol, TN-VA","28700",2025,220,172,48,0,0,0,0,90,56,42,0,0,89,131,0
"Kingsville, TX","28780",2025,120,62,57,1,0,0,0,107,74,49,0,0,0,120,0
"Kinston, NC","28820",2025,184,178,6,0,0,0,0,71,48,37,0,0,184,0,0
"Klamath Falls, OR","28900",2025,181,129,52,0,0,0,0,83,66,32,0,0,0,181,0
"Knoxville, TN","28940",2025,273,151,120,1,1,0,0,156,61,49,0,0,95,178,0
"Kokomo, IN","29020",2025,270,166,101,3,0,0,0,122,64,46,0,0,142,128,0
"La Crosse-Onalaska, WI-MN","29100",2025,92,81,11,0,0,0,0,90,54,40,0,0,92,0,0
"La Grande, OR","29260",2025,181,168,13,0,0,0,0,70,42,22,0,0,0,181,0
"Laconia, NH","29060",2025,273,240,33,0,0,0,0,92,52,34,0,0,114,159,0
"Lafayette, LA","29180",2025,273,162,111,0,0,0,0,79,61,47,0,0,102,171,0
"Lafayette-West Lafayette, IN","29200",2025,270,184,85,1,0,0,0,105,64,43,0,0,147,123,0
"Lake Charles, LA","29340",2025,273,168,103,2,0,0,0,108,61,47,0,0,97,176,0
"Lake City, FL","29380",2025,273,154,119,0,0,0,0,80,59,48,0,0,43,230,0
"Lake Havasu City-Kingman, AZ","29420",2025,271,253,16,0,1,0,1,331,44,19,0,0,0,28,243
"Lakeland-Winter Haven, FL","29460",2025,268,253,15,0,0,0,0,100,47,34,0,0,268,0,0
"Lancaster, PA","29540",2025,210,126,82,2,0,0,0,119,72,46,0,0,101,109,0
"Lansing-East Lansing, MI","29620",2025,304,249,52,3,0,0,0,123,57,39,0,1,227,74,2
"Laramie, WY","29660",2025,243,126,114,3,0,0,0,144,74,50,0,0,209,2,32
"Laredo, TX","29700",2025,244,126,116,2,0,0,0,115,71,48,1,0,108,132,3
"Las Cruces, NM","29740",2025,273,53,170,28,7,5,10,528,130,70,0,1,117,87,68
"Las Vegas-Henderson-Paradise, NV","29820",2025,274,70,178,26,0,0,0,138,100,64,1,0,203,52,18
"Lawrence, KS","29940",2025,162,147,14,1,0,0,0,101,50,41,0,0,162,0,0
"Lawrenceburg, TN","29980",2025,172,139,33,0,0,0,0,68,53,34,0,0,0,172,0
"Lawton, OK","30020",2025,271,173,95,3,0,0,0,128,67,45,0,0,157,114,0
"Lebanon, PA","30140",2025,212,132,78,2,0,0,0,108,65,44,0,0,97,115,0
"Lewiston, ID-WA","30300",2025,241,174,65,1,1,0,0,151,65,38,0,0,0,241,0
"Lewiston-Auburn, ME","30340",2025,304,260,42,2,0,0,0,112,55,35,0,0,176,123,5
"Lexington-Fayette, KY","30460",2025,187,139,48,0,0,0,0,76,57,41,0,1,82,98,6
"Lima, OH","30620",2025,296,195,100,1,0,0,0,129,63,43,0,0,147,149,0
"Lincoln, NE","30700",2025,103,80,23,0,0,0,0,87,58,36,0,0,25,78,0
"Little Rock-North Little Rock-Conway, AR","30780",2025,274,90,178,4,1,1,0,239,69,54,1,1,71,201,0
"Logan, UT-ID","30860",2025,304,186,118,0,0,0,0,87,64,46,0,0,232,72,0
"Longview, TX","30980",2025,243,216,26,1,0,0,0,115,51,36,0,0,243,0,0
"Longview, WA","31020",2025,190,174,16,0,0,0,0,72,46,21,0,0,0,190,0
"Los Alamos, NM","31060",2025,20,20,0,0,0,0,0,18,17,10,0,0,0,20,0
"Los Angeles-Long Beach-Anaheim, CA","31080",2025,274,30,155,59,29,1,0,201,151,77,1,3,172,87,11
"Louisville/Jefferson County, KY-IN","31140",2025,300,153,141,6,0,0,0,133,67,50,0,0,108,192,0
"Lubbock, TX","31180",2025,237,213,22,1,1,0,0,167,52,25,0,0,0,237,0
"Ludington, MI","31220",2025,213,190,23,0,0,0,0,87,51,36,0,0,213,0,0
"Lynchburg, VA","31340",2025,95,80,15,0,0,0,0,69,53,30,0,0,0,95,0
"Macon, GA","31420",2025,271,134,136,1,0,0,0,119,64,51,0,0,39,232,0
"Madera, CA","31460",2025,120,83,37,0,0,0,0,91,66,43,0,0,64,56,0
"Madison, WI","31540",2025,181,128,51,2,0,0,0,136,61,41,0,0,61,120,0
"Manchester-Nashua, NH","31700",2025,274,226,44,4,0,0,0,123,56,38,1,0,152,121,0
"Manitowoc, WI","31820",2025,92,81,11,0,0,0,0,80,54,37,0,0,92,0,0
"Mankato-North Mankato, MN","31860",2025,173,143,30,0,0,0,0,100,61,38,0,0,112,61,0
"Marietta, OH","31930",2025,211,183,26,2,0,0,0,105,61,41,0,0,211,0,0
"Marquette, MI","32100",2025,123,107,15,0,1,0,0,183,56,18,0,0,0,123,0
"Marshall, MN","32140",2025,181,153,27,1,0,0,0,140,61,37,0,0,117,61,3
"Marshall, TX","32220",2025,243,151,92,0,0,0,0,100,59,45,0,0,78,165,0
"Mayaguez, PR","32420",2025,163,158,1,2,0,1,1,350,28,12,0,0,163,0,0
"McAlester, OK","32540",2025,273,158,112,3,0,0,0,140,64,48,0,0,116,157,0
"McAllen-Edinburg-Mission, TX","32580",2025,243,88,151,4,0,0,0,140,74,54,0,0,38,197,8
"Medford, OR","32780",2025,181,134,47,0,0,0,0,80,66,42,0,0,55,126,0
"Memphis, TN-MS-AR","32820",2025,273,149,122,2,0,0,0,143,67,48,0,0,143,128,2
"Merced, CA","32900",2025,90,58,32,0,0,0,0,78,68,43,0,0,43,47,0
"Meridian, MS","32940",2025,210,199,11,0,0,0,0,93,48,35,0,0,210,0,0
"Miami, OK","33060",2025,273,145,126,1,0,0,1,305,66,49,0,0,71,192,10
"Miami-Fort Lauderdale-West Palm Beach, FL","33100",2025,274,129,145,0,0,0,0,97,65,51,1,9,48,216,0
"Michigan City-La Porte, IN","33140",2025,273,170,91,11,1,0,0,153,74,44,0,0,153,120,0
"Middlesborough, KY","33180",2025,181,115,65,1,0,0,0,101,62,43,0,0,65,116,0
"Milwaukee-Waukesha-West Allis, WI","33340",2025,182,121,56,5,0,0,0,140,71,44,1,7,60,107,7
"Minneapolis-St. Paul-Bloomington, MN-WI","33460",2025,182,126,54,1,1,0,0,155,67,44,1,2,113,66,0
"Minot, ND","33500",2025,243,190,41,7,4,1,0,283,72,38,0,0,130,113,0
"Missoula, MT","33540",2025,181,151,30,0,0,0,0,82,56,38,0,0,103,78,0
"Mobile, AL","33660",2025,241,168,73,0,0,0,0,80,55,43,0,0,74,167,0
"Modesto, CA","33700",2025,249,170,78,1,0,0,0,101,71,45,1,0,182,64,2
"Monroe, LA","33740",2025,272,166,106,0,0,0,0,71,58,46,0,0,93,179,0
"Montgomery, AL","33860",2025,237,155,82,0,0,0,0,90,57,44,0,0,51,186,0
"Morehead City, NC","33980",2025,224,211,13,0,0,0,0,80,48,37,0,0,224,0,0
"Morgantown, WV","34060",2025,129,102,26,1,0,0,0,105,63,43,0,0,100,29,0
"Morristown, TN","34100",2025,122,108,14,0,0,0,0,93,51,42,0,0,122,0,0
"Moscow, ID","34140",2025,155,154,1,0,0,0,0,52,40,24,0,0,0,155,0
"Moses Lake, WA","34180",2025,243,218,25,0,0,0,0,76,51,26,0,0,0,243,0
"Mount Vernon, IL","34500",2025,269,179,90,0,0,0,0,98,62,43,0,0,127,142,0
"Mount Vernon, OH","34540",2025,214,180,32,1,1,0,0,159,54,40,0,0,214,0,0
"Mount Vernon-Anacortes, WA","34580",2025,241,234,7,0,0,0,0,55,35,22,0,0,0,241,0
"Muncie, IN","34620",2025,273,173,98,2,0,0,0,108,65,44,0,0,142,131,0
"Muscatine, IA","34700",2025,304,208,94,2,0,0,0,141,58,41,0,0,0,304,0
"Muskegon, MI","34740",2025,243,203,38,2,0,0,0,140,61,39,0,0,243,0,0
"Myrtle Beach-Conway-North Myrtle Beach, SC-NC","34820",2025,273,218,52,1,2,0,0,170,57,41,0,0,140,133,0
"Naples-Immokalee-Marco Island, FL","34940",2025,273,184,89,0,0,0,0,71,58,43,0,0,87,186,0
"Nashville-Davidson--Murfreesboro--Franklin, TN","34980",2025,274,140,133,1,0,0,0,136,67,50,1,4,114,155,0
"New Castle, IN","35220",2025,253,174,79,0,0,0,0,95,60,38,0,0,0,253,0
"New Haven-Milford, CT","35300",2025,181,124,52,4,1,0,0,151,67,44,0,5,123,53,0
"New Orleans-Metairie, LA","35380",2025,274,125,147,2,0,0,0,105,69,52,1,1,113,159,0
"New York-Newark-Jersey City, NY-NJ-PA","35620",2025,317,149,149,15,4,0,0,161,84,52,1,20,116,180,0
"Niles-Benton Harbor, MI","35660",2025,262,212,47,3,0,0,0,147,67,41,0,0,262,0,0
"Nogales, AZ","35700",2025,272,173,97,1,1,0,0,187,64,45,0,0,0,225,47
"North Port-Sarasota-Bradenton, FL","35840",2025,273,161,112,0,0,0,0,97,61,48,0,0,96,177,0
"Norwich-New London, CT","35980",2025,181,143,34,4,0,0,0,136,59,40,0,0,101,80,0
"Ocala, FL","36100",2025,272,183,88,1,0,0,0,101,57,46,0,0,95,177,0
"Odessa, TX","36220",2025,243,157,84,0,2,0,0,183,62,43,0,0,0,243,0
"Ogden-Clearfield, UT","36260",2025,305,160,138,7,0,0,0,119,84,50,1,5,251,42,6
"Oklahoma City, OK","36420",2025,274,115,151,7,0,0,1,459,77,53,1,5,134,131,3
"Olympia-Tumwater, WA","36500",2025,161,158,3,0,0,0,0,52,44,26,0,0,57,104,0
"Omaha-Council Bluffs, NE-IA","36540",2025,304,185,116,3,0,0,0,137,67,45,0,0,154,128,22
"Orlando-Kissimmee-Sanford, FL","36740",2025,274,186,86,2,0,0,0,112,62,45,1,2,149,122,0
"Othello, WA","36830",2025,226,214,12,0,0,0,0,68,42,19,0,0,0,226,0
"Owensboro, KY","36980",2025,181,122,59,0,0,0,0,82,59,43,0,0,72,109,0
"Oxford, NC","37080",2025,177,162,15,0,0,0,0,87,50,40,0,0,177,0,0
"Oxnard-Thousand Oaks-Ventura, CA","37100",2025,273,144,121,8,0,0,0,131,71,50,0,0,160,107,6
"Paducah, KY-IL","37140",2025,181,148,33,0,0,0,0,82,54,39,0,6,77,98,0
"Pahrump, NV","37220",2025,181,165,15,1,0,0,0,128,45,24,0,0,0,0,181
"Palatka, FL","37260",2025,273,262,11,0,0,0,0,69,42,21,0,0,0,0,273
"Palm Bay-Melbourne-Titusville, FL","37340",2025,273,245,28,0,0,0,0,80,51,37,0,0,228,45,0
"Panama City, FL","37460",2025,269,163,106,0,0,0,0,92,58,46,0,0,65,204,0
"Parkersburg-Vienna, WV","37620",2025,139,116,23,0,0,0,0,77,55,39,0,0,106,33,0
"Payson, AZ","37740",2025,273,142,116,14,1,0,0,196,93,50,0,0,230,0,43
"Pensacola-Ferry Pass-Brent, FL","37860",2025,273,165,107,1,0,0,0,104,60,47,0,0,101,172,0
"Peoria, IL","37900",2025,270,156,110,2,2,0,0,154,67,47,0,0,107,163,0
"Philadelphia-Camden-Wilmington, PA-NJ-DE-MD","37980",2025,304,175,121,6,2,0,0,168,71,47,0,3,178,123,0
"Phoenix-Mesa-Scottsdale, AZ","38060",2025,304,48,208,38,4,1,5,1215,108,77,0,0,178,29,97
"Pierre, SD","38180",2025,179,169,10,0,0,0,0,88,41,14,0,0,0,179,0
"Pittsburgh, PA","38300",2025,212,96,113,3,0,0,0,131,80,52,0,0,88,124,0
"Pittsfield, MA","38340",2025,243,174,65,4,0,0,0,124,63,41,0,1,157,85,0
"Platteville, WI","38420",2025,181,131,49,1,0,0,0,119,65,37,0,0,0,181,0
"Pocatello, ID","38540",2025,304,278,25,1,0,0,0,111,47,31,0,0,84,57,163
"Ponca City, OK","38620",2025,269,184,83,2,0,0,0,141,58,38,0,0,0,269,0
"Ponce, PR","38660",2025,121,110,11,0,0,0,0,67,41,5,61,0,0,60,0
"Port Angeles, WA","38820",2025,243,215,28,0,0,0,0,60,52,26,0,0,6,237,0
"Port St. Lucie, FL","38940",2025,273,207,66,0,0,0,0,74,58,41,0,0,118,155,0
"Portland-South Portland, ME","38860",2025,304,224,74,5,1,0,0,169,64,41,0,0,192,105,7
"Portland-Vancouver-Hillsboro, OR-WA","38900",2025,243,196,47,0,0,0,0,90,57,39,0,0,174,69,0
"Portsmouth, OH","39020",2025,273,160,111,1,0,1,0,238,64,45,0,0,0,266,7
"Prescott, AZ","39140",2025,269,158,111,0,0,0,0,97,74,49,0,0,268,1,0
"Price, UT","39220",2025,272,171,99,2,0,0,0,108,71,47,0,0,256,16,0
"Prineville, OR","39260",2025,181,146,35,0,0,0,0,75,55,24,0,0,0,181,0
"Providence-Warwick, RI-MA","39300",2025,249,161,83,4,1,0,0,196,71,44,1,0,145,98,5
"Provo-Orem, UT","39340",2025,304,164,139,1,0,0,0,109,75,49,0,3,197,101,3
"Pueblo, CO","39380",2025,273,179,93,1,0,0,0,101,67,48,0,0,228,44,1
"Pullman, WA","39420",2025,243,228,15,0,0,0,0,97,41,20,0,0,0,243,0
"Quincy, IL-MO","39500",2025,213,201,12,0,0,0,0,71,49,38,0,0,213,0,0
"Racine, WI","39540",2025,92,77,12,3,0,0,0,122,67,41,0,0,92,0,0
"Raleigh, NC","39580",2025,273,176,97,0,0,0,0,84,58,45,0,0,98,175,0
"Rapid City, SD","39660",2025,181,110,70,1,0,0,0,107,67,48,0,0,112,44,25
"Reading, PA","39740",2025,212,139,71,2,0,0,0,122,65,44,0,0,116,96,0
"Red Bluff, CA","39780",2025,212,171,41,0,0,0,0,90,54,36,0,0,97,109,6
"Red Wing, MN","39860",2025,121,102,19,0,0,0,0,97,67,41,0,0,121,0,0
"Redding, CA","39820",2025,232,197,35,0,0,0,0,100,54,44,0,0,203,21,8
"Reno, NV","39900",2025,274,137,135,2,0,0,0,112,74,51,1,0,232,38,3
"Richmond, VA","40060",2025,284,202,81,1,0,0,0,101,59,44,0,11,135,138,0
"Riverside-San Bernardino-Ontario, CA","40140",2025,274,21,126,75,47,4,1,365,166,97,1,1,186,58,28
"Riverton, WY","40180",2025,212,130,82,0,0,0,0,100,66,48,0,0,149,63,0
"Roanoke Rapids, NC","40260",2025,272,203,69,0,0,0,0,79,56,37,0,0,0,272,0
"Roanoke, VA","40220",2025,284,228,56,0,0,0,0,80,55,39,0,2,130,152,0
"Rochester, MN","40340",2025,160,133,27,0,0,0,0,100,58,36,0,0,113,47,0
"Rochester, NY","40380",2025,274,194,72,8,0,0,0,150,64,42,1,0,168,105,0
"Rock Springs, WY","40540",2025,212,149,59,4,0,0,0,115,64,45,0,0,164,30,18
"Rockford, IL","40420",2025,263,178,79,5,1,0,0,169,71,41,0,0,123,140,0
"Rockland, ME","40500",2025,301,293,8,0,0,0,0,77,44,34,0,0,301,0,0
"Rocky Mount, NC","40580",2025,264,218,46,0,0,0,0,68,53,40,0,0,84,180,0
"Rome, GA","40660",2025,236,170,66,0,0,0,0,78,58,38,0,0,0,236,0
"Roswell, NM","40740",2025,18,17,1,0,0,0,0,53,47,16,0,0,0,18,0
"Ruidoso, NM","40760",2025,19,17,2,0,0,0,0,65,52,11,0,0,0,19,0
"Rutland, VT","40860",2025,180,142,38,0,0,0,0,92,57,38,0,0,124,56,0
"Sacramento--Roseville--Arden-Arcade, CA","40900",2025,273,112,158,3,0,0,0,143,77,54,0,0,160,113,0
"Salem, OH","41400",2025,46,46,0,0,0,0,0,31,24,12,0,0,0,0,46
"Salem, OR","41420",2025,181,154,27,0,0,0,0,85,54,34,0,0,57,124,0
"Salinas, CA","41500",2025,182,140,42,0,0,0,0,62,55,40,1,0,90,84,7
"Salisbury, MD-DE","41540",2025,181,144,36,1,0,0,0,105,58,43,0,0,135,46,0
"Salt Lake City, UT","41620",2025,305,112,177,15,1,0,0,175,90,54,1,6,202,87,9
"San Antonio-New Braunfels, TX","41700",2025,244,95,144,5,0,0,0,122,78,54,1,2,81,156,4
"San Diego-Carlsbad, CA","41740",2025,272,116,136,15,5,0,0,161,93,54,0,0,178,94,0
"San Francisco-Oakland-Hayward, CA","41860",2025,20,20,0,0,0,0,0,32,29,21,0,0,0,20,0
"San Jose-Sunnyvale-Santa Clara, CA","41940",2025,223,202,21,0,0,0,0,71,50,41,0,0,197,26,0
"San Juan-Carolina-Caguas, PR","41980",2025,181,116,63,2,0,0,0,102,60,44,2,0,0,164,15
"San Luis Obispo-Paso Robles-Arroyo Grande, CA","42020",2025,273,120,146,7,0,0,0,119,69,51,0,0,143,130,0
"Sandpoint, ID","41760",2025,181,129,52,0,0,0,0,74,56,41,0,0,0,178,3
"Santa Cruz-Watsonville, CA","42100",2025,181,148,33,0,0,0,0,71,57,37,0,0,98,83,0
"Santa Fe, NM","42140",2025,273,198,73,2,0,0,0,107,61,46,0,0,244,29,0
"Santa Maria-Santa Barbara, CA","42200",2025,181,54,126,0,1,0,0,186,63,54,0,0,21,156,4
"Santa Rosa, CA","42220",2025,273,273,0,0,0,0,0,39,18,9,0,0,0,0,273
"Savannah, GA","42340",2025,273,182,91,0,0,0,0,90,59,44,0,0,77,196,0
"Sayre, PA","42380",2025,199,154,45,0,0,0,0,87,56,39,0,2,116,81,0
"Scottsbluff, NE","42420",2025,249,237,12,0,0,0,0,64,44,24,0,0,0,249,0
"Scranton--Wilkes-Barre--Hazleton, PA","42540",2025,268,207,61,0,0,0,0,90,58,37,56,5,128,79,0
"Seattle-Tacoma-Bellevue, WA","42660",2025,243,137,106,0,0,0,0,100,71,48,0,2,101,140,0
"Sebastian-Vero Beach, FL","42680",2025,199,184,15,0,0,0,0,77,49,36,0,0,199,0,0
"Sebring, FL","42700",2025,265,247,18,0,0,0,0,80,49,34,0,0,265,0,0
"Sevierville, TN","42940",2025,223,211,12,0,0,0,0,84,48,41,0,0,223,0,0
"Sheboygan, WI","43100",2025,92,77,14,1,0,0,0,101,67,41,0,0,92,0,0
"Shelton, WA","43220",2025,243,225,18,0,0,0,0,67,41,21,0,0,0,243,0
"Sheridan, WY","43260",2025,175,148,27,0,0,0,0,70,53,33,0,3,47,123,2
"Show Low, AZ","43320",2025,273,272,1,0,0,0,0,53,24,12,0,0,0,8,265
"Shreveport-Bossier City, LA","43340",2025,273,216,56,1,0,0,0,101,58,42,0,0,189,78,6
"Sierra Vista-Douglas, AZ","43420",2025,273,179,90,2,1,0,1,328,77,46,0,0,190,0,83
"Sioux City, IA-NE-SD","43580",2025,265,214,48,3,0,0,0,122,61,39,0,0,213,52,0
"Sioux Falls, SD","43620",2025,182,150,31,1,0,0,0,115,58,36,1,0,147,32,2
"Somerset, KY","43700",2025,181,152,29,0,0,0,0,73,55,41,0,0,87,94,0
"Somerset, PA","43740",2025,243,229,14,0,0,0,0,93,46,37,0,0,243,0,0
"Sonora, CA","43760",2025,210,175,35,0,0,0,0,87,58,40,0,0,210,0,0
"South Bend-Mishawaka, IN-MI","43780",2025,304,203,94,7,0,0,0,127,71,43,0,0,193,111,0
"Spartanburg, SC","43900",2025,273,143,130,0,0,0,0,93,62,49,0,0,108,165,0
"Spokane-Spokane Valley, WA","44060",2025,243,159,83,1,0,0,0,119,61,44,0,0,89,142,12
"Springfield, IL","44100",2025,273,193,77,3,0,0,0,142,61,42,0,0,131,142,0
"Springfield, MA","44140",2025,248,177,66,5,0,0,0,124,67,43,0,2,169,77,0
"Springfield, MO","44180",2025,147,105,40,1,1,0,0,160,61,44,0,0,62,82,3
"Springfield, OH","44220",2025,271,161,108,2,0,0,0,126,67,46,0,0,119,152,0
"St. Cloud, MN","41060",2025,172,148,23,1,0,0,0,108,58,36,0,0,118,54,0
"St. George, UT","41100",2025,304,216,88,0,0,0,0,97,64,45,0,0,285,19,0
"St. Joseph, MO-KS","41140",2025,148,95,52,0,0,1,0,256,64,43,0,0,53,81,14
"St. Louis, MO-IL","41180",2025,304,128,168,5,1,0,2,738,80,52,0,3,130,156,15
"St. Marys, PA","41260",2025,243,230,13,0,0,0,0,84,48,38,0,0,243,0,0
"State College, PA","44300",2025,242,173,68,1,0,0,0,101,63,43,0,0,172,70,0
"Steamboat Springs, CO","44460",2025,273,250,23,0,0,0,0,87,48,23,0,0,0,255,18
"Stockton-Lodi, CA","44700",2025,182,120,62,0,0,0,0,93,67,44,0,0,77,105,0
"Syracuse, NY","45060",2025,273,217,52,4,0,0,0,125,58,39,0,0,196,77,0
"Tallahassee, FL","45220",2025,182,85,96,1,0,0,0,140,61,52,1,0,27,154,0
"Tampa-St. Petersburg-Clearwater, FL","45300",2025,274,130,142,2,0,0,0,129,65,51,1,1,104,165,3
"Taos, NM","45340",2025,268,264,4,0,0,0,0,52,29,14,0,0,0,268,0
"Terre Haute, IN","45460",2025,300,186,113,1,0,0,0,108,65,45,0,0,118,182,0
"Texarkana, TX-AR","45500",2025,241,138,102,1,0,0,0,107,59,47,0,0,0,241,0
"The Dalles, OR","45520",2025,181,168,13,0,0,0,0,65,42,23,0,0,0,181,0
"Toledo, OH","45780",2025,304,142,153,8,1,0,0,154,77,52,0,0,124,180,0
"Topeka, KS","45820",2025,181,116,62,2,0,1,0,238,67,44,0,0,102,75,4
"Torrington, CT","45860",2025,181,148,29,3,1,0,0,161,64,41,0,0,147,34,0
"Traverse City, MI","45900",2025,214,195,19,0,0,0,0,80,50,35,0,0,214,0,0
"Trenton, NJ","45940",2025,235,173,57,5,0,0,0,122,66,43,0,0,167,68,0
"Truckee-Grass Valley, CA","46020",2025,181,144,37,0,0,0,0,84,61,44,0,0,161,20,0
"Tucson, AZ","46060",2025,273,101,165,2,3,1,1,357,84,55,0,0,88,58,127
"Tulsa, OK","46140",2025,274,123,148,2,0,0,1,508,77,51,1,0,132,137,4
"Tupelo, MS","46180",2025,211,200,11,0,0,0,0,64,48,38,0,0,211,0,0
"Tuscaloosa, AL","46220",2025,243,186,57,0,0,0,0,93,54,41,0,0,74,169,0
"Twin Falls, ID","46300",2025,181,176,4,1,0,0,0,105,38,24,0,0,0,181,0
"Tyler, TX","46340",2025,243,224,19,0,0,0,0,93,50,35,0,8,235,0,0
"Urban Honolulu, HI","46520",2025,182,173,9,0,0,0,0,59,43,31,1,0,122,59,0
"Utica-Rome, NY","46540",2025,261,211,50,0,0,0,0,99,57,28,0,0,0,261,0
"Valdosta, GA","46660",2025,243,126,117,0,0,0,0,88,63,49,0,0,0,243,0
"Vallejo-Fairfield, CA","46700",2025,268,265,3,0,0,0,0,61,42,34,0,0,268,0,0
"Vermillion, SD","46820",2025,167,138,29,0,0,0,0,74,57,37,0,0,106,61,0
"Vernal, UT","46860",2025,304,178,122,4,0,0,0,126,77,48,0,1,285,18,0
"Victoria, TX","47020",2025,238,218,20,0,0,0,0,97,49,31,0,0,238,0,0
"Vincennes, IN","47180",2025,231,215,16,0,0,0,0,93,49,38,0,0,231,0,0
"Vineland-Bridgeton, NJ","47220",2025,178,130,45,3,0,0,0,123,61,42,0,0,112,66,0
"Vineyard Haven, MA","47240",2025,210,200,8,1,1,0,0,151,46,37,0,0,206,4,0
"Virginia Beach-Norfolk-Newport News, VA-NC","47260",2025,274,208,65,1,0,0,0,105,55,43,1,4,125,144,0
"Visalia-Porterville, CA","47300",2025,232,69,133,30,0,0,0,140,105,59,0,0,138,93,1
"Wabash, IN","47340",2025,230,216,14,0,0,0,0,87,48,37,0,0,230,0,0
"Waco, TX","47380",2025,244,106,135,3,0,0,0,142,67,52,4,0,70,170,0
"Walla Walla, WA","47460",2025,243,205,38,0,0,0,0,80,55,40,0,0,172,58,13
"Warner Robins, GA","47580",2025,242,149,93,0,0,0,0,93,60,44,0,0,0,242,0
"Washington-Arlington-Alexandria, DC-VA-MD-WV","47900",2025,304,193,104,7,0,0,0,140,71,46,0,7,187,110,0
"Waterloo-Cedar Falls, IA","47940",2025,304,168,133,2,1,0,0,158,67,49,0,0,85,219,0
"Watertown, SD","47980",2025,179,147,30,1,1,0,0,154,57,33,0,0,79,92,8
"Watertown-Fort Atkinson, WI","48020",2025,92,76,15,1,0,0,0,105,54,41,0,0,92,0,0
"Watertown-Fort Drum, NY","48060",2025,271,255,16,0,0,0,0,87,47,36,0,0,271,0,0
"Wausau, WI","48140",2025,180,144,34,2,0,0,0,113,59,36,0,0,62,118,0
"Weirton-Steubenville, WV-OH","48260",2025,273,138,134,1,0,0,0,101,71,50,0,0,99,174,0
"Wenatchee, WA","48300",2025,243,212,31,0,0,0,0,74,52,27,0,0,0,243,0
"Wheeling, WV-OH","48540",2025,181,95,85,1,0,0,0,123,69,48,0,1,53,116,11
"Whitewater-Elkhorn, WI","48580",2025,92,69,21,2,0,0,0,112,67,44,0,0,92,0,0
"Wichita, KS","48620",2025,181,96,82,2,0,0,1,370,68,49,0,0,74,100,7
"Williamsport, PA","48700",2025,207,152,54,1,0,0,0,105,62,43,0,0,115,92,0
"Wilmington, NC","48900",2025,273,209,62,2,0,0,0,121,55,41,0,0,61,212,0
"Wilmington, OH","48940",2025,212,174,35,3,0,0,0,112,64,42,0,0,212,0,0
"Winchester, VA-WV","49020",2025,284,200,84,0,0,0,0,85,62,42,0,0,112,172,0
"Winona, MN","49100",2025,17,16,1,0,0,0,0,57,49,19,0,0,0,17,0
"Winston-Salem, NC","49180",2025,271,124,147,0,0,0,0,90,66,51,0,0,73,198,0
"Worcester, MA-CT","49340",2025,244,181,62,1,0,0,0,108,64,42,1,0,187,55,1
"Yakima, WA","49420",2025,243,197,46,0,0,0,0,87,58,34,0,0,0,211,32
"York-Hanover, PA","49620",2025,212,139,72,1,0,0,0,101,66,45,0,1,116,95,0
"Youngstown-Warren-Boardman, OH-PA","49660",2025,304,178,121,5,0,0,0,130,74,47,0,0,179,125,0
"Yuba City, CA","49700",2025,212,130,82,0,0,0,0,100,67,48,0,0,126,86,0
"Yuma, AZ","49740",2025,273,146,120,6,0,1,0,211,73,49,0,0,161,44,68
